tweet,sentiment
“Pumpkin Pay is now giving free airdrop!!”,1
"“Follow @PumpkinPayTeam  get 100 PPKC first an https://t.co/FCkmzSR6U7Net Element Joins the Enterprise Ethereum Alliance https://t.co/xjCU5Gvw0b #wsj #nytimes #reuters #bloomberg https://t.co/sjdSjJ7OaENet Element Joins the Enterprise Ethereum Alliance https://t.co/r6l9E6TtNW #wsj #nytimes #reuters #bloomberg https://t.co/EAmClawLE8RT @tohuk891: https://t.co/IoZxWVpN6J @heis_crypt  @SBYudhoyono @Yusrilihza_Mhd hashtag #new #currency #btc #eth #live #BTCSP #AIRDROP#crypWeek in Review for March 3, 2018: Bitcoin Developments and Cryptocurrency Adoption https://t.co/nfRtW5RHHF #BitcoinRT @SachinLulla: Here are 5 markets that #BlockChain will transform beyond recognition https://t.co/Hi09qs16ji #Crypto #CryptoCurrencies #CWendy McElroy: Silence and Soul in the Crypto Cold War  the Evolution of Privacy https://t.co/MXwTD5Ywae via @BTCTNPrecio del #Bitcoin: USD $11456.43US: TechCrunch Founders Crypto Fund Becomes Yet Another Target Of SEC Crypto Probe https://t.co/xb71vpTojM #BitcoinRT @BitschoolAI: Hey have you got yourself #whitelisted for the #presale i Go to https://t.co/ciuOlVBHRR now and register  #ICO #AI #BlockcWeek in Review for March 3, 2018: Bitcoin Developments and Cryptocurrency Adoption | #VentureCanvas https://t.co/OzvxmUHbdPNet Element Joins the Enterprise Ethereum Alliance https://t.co/JvU5XbKSPz #wsj #nytimes #reuters #bloomberg https://t.co/JE0NL8gHqShttps://t.co/fPuxdLrgHF|SOHU IS ICO SOLUTION AGENCY.”",1
"“Use my referral link:https://t.co/EDXCHIigGt https://t.co/qO7wWkMM4xA Fierce Domain: Conflict in Cyberspace, 1986-2012 is the first bo https://t.co/S5rlT78Vu8 #Cybersecurity #Bitcoin https://t.co/53WU5JtKNRWeek in Review for March 3, 2018: Bitcoin Developments and Cryptocurrency Adoption https://t.co/KmPAjd4obv https://t.co/yD0oTsMLcBRT @VISOpayments: VITO is a Waves-based token. Become a member of the #VISO community: https://t.co/8Zbq4EhOz2”",1
“#Waves #blockchain #ICO #cryRT @truffeforex: Avoid Cyprus #Forex #brokers like IRONFX. Your FUNDS ARE NOT SAFE !! #CONSOB #bafin #asicmedia  #cysec #broker #fxpro #for#PreOrderHerWhenIHaveMoney Here's why bitcoin is the future of money! https://t.co/c9skzmN5uK https://t.co/uKa152Jx4JBitcoin Developments and Cryptocurrency Adoption https://t.co/tYlfj6kpcqNet Element Joins the Enterprise Ethereum Alliance https://t.co/5AV79FjrFz #wsj #nytimes #reuters #bloomberg https://t.co/tjAA2sbD6lRT @SachinLulla: Here are 5 markets that #BlockChain will transform beyond recognition https://t.co/Hi09qs16ji #Crypto #CryptoCurrencies #CRT @LunesPlatform: Lunes' community is the best!”,1
"“#lunes #cryptocurrencRT @extstock: ExtStock Spring Giveaway! 50 ETH to our members! Follow, RT this tweet and fill the form to win: https://t.co/npQqf05zXU”",1
"“#izx #izetex #blockchain #cryptocurrency #bitcoin #ethereum #cryptoconference #ar #vr #koreA Fierce Domain: Conflict in Cyberspace, 1986-2012 is the first bo https://t.co/kAAp4kK2Q3 #Cybersecurity #Bitcoin https://t.co/izZ8AtEpCGRT @jimmysong: Want to contribute to Bitcoin as a developer but don't know how to get started? Sign up for my course, where you'll make you#BCMoneyMan How can I make money with bitcoin? https://t.co/HaZeHdX4ho https://t.co/9TNZk2ValsRT @Denaro_io: Denaro helps you send funds to loved ones, colleagues and favorite stores no matter where you are in the world.”",1
“Use my referral link:https://t.co/PinrsmARoW https://t.co/Jles9oa8qO--Very Best Radeon 7950 Litecoin / Scrypt Miner Settings (Best sta https://t.co/73HL3PPnQD #Cybersecurity #Bitcoin https://t.co/uN6okDhYqHRT @SachinLulla: Here are 5 markets that #BlockChain will transform beyond recognition https://t.co/Hi09qs16ji #Crypto #CryptoCurrencies #CRT @Dealmasterino: You want to get some #FreeBitcoin? Check you this link to get some #Bitcoin for free: https://t.co/FWc2ucP5KI”,1
"“Limited-Time Offer: https://t.co/kBrlSqp7GfRT @OfficialMiraLab: To receive regular updates on Miras progress and notifications on the upcoming ICO subscribe to our newsletter at htt@Andy_Hoffman_CG @ToneVays Ethreum's killer app is equity.  ICOs have replaced IPOs as a way to fund new start-ups. https://t.co/THMAeVgbzJYour complete resource to protect you, your family, and your commu https://t.co/dT4CWRzxiF #Cybersecurity #Bitcoin https://t.co/zejmni7mBxBlock: 511830 ”",1
“#Bitcoin $BTC #BTC $XBT #XBT https://t.co/19C9w26AfqBlockchain Revolution: How the Technology Behind Bitcoin and Cryptocurrency Is Changing the World (Kindle Edition) https://t.co/Vt8chGHzyOThe latest The Kristia Y. Hord Daily! https://t.co/CglE1Xid8K #forbes #bitcoin?? HOT AIRDROP ??”,1
"“httRT @bitcoinprivate: The #BitcoinPrivate fork will begin soon. We will announce when the process has begun. The fork will take 24-48 h to coRT @oleg_minski: ?? ????? ????????????? ? ?? ?????, ? ???”",1
"“https://t.co/YwEx8EhBBaRT @NODEfather: Can't stop, won't stop... #Bitcoin https://t.co/lWhzQT7o0zSMARTGO  I'm glad you stopped by! If you want to join the DECENTRALIZED cryptocurrency MOVEMENT and HELP make a CHA https://t.co/M8SHlPeE2jIn late November 2014, Sony Pictures unwittingly found itself at t https://t.co/lGSLyQaHC4 #Cybersecurity #Bitcoin https://t.co/ihP5dPkT1zAttention .I don't normally invest in ICO's.”",1
"“Ormeus was my first ICO and everyone can se that's going! So I think t https://t.co/zEjPql4QGSReady to Moon?? 9 hours left! Lets invest in ICO asap!! https://t.co/Z8BqctR4Y2 ?????? #dpos #ICO #OnzCoin #Moon #BTC https://t.co/fTcXAyDYDGIn late November 2014, Sony Pictures unwittingly found itself at t https://t.co/SPOm1o2b3m #Cybersecurity #Bitcoin https://t.co/MKHaVeqYMHRT @De_Hedge: https://t.co/pttsskCHiWRT @bitnewsbot: Thieves Steal 600 Bitcoin Mining Computers https://t.co/uZ1Jnnpr0M https://t.co/SyQmFwNtogRT @paul_btc: Accumulation by states is starting... https://t.co/sF3XkdmiL8RT @UTEMISUTS: By decentralizing businesses reputations for everyone to see and exposing them to new business opportunities we can finallyRT @21Cryptos: ?? #ALTSEASON GIVEAWAY! ??”",1
"“Follow @PumpkinPayTeam  get 100 PPKC first an https://t.co/YRv3IeuqctMassive contradictions surround the value of #Bitcoin https://t.co/jciGCQlBuCRT @extstock: ExtStock Spring Giveaway! 50 ETH to our members! Follow, RT this tweet and fill the form to win: https://t.co/npQqf05zXU”",1
“#freRT @tvtwocom: TV-TWO: https://t.co/jNycEpcBhL's Hot Cryptocurrency ICO https://t.co/hlswnug5a2 // @Investingcom #tvrevolution #crypto #crypThe latest The Sanjay Gupta Daily! https://t.co/RUldxL7pB6 Thanks to @JAZ14211 @0n____0ff @taploaded #bitcoin #cybersecurityRT @SachinLulla: Here are 5 markets that #BlockChain will transform beyond recognition https://t.co/Hi09qs16ji #Crypto #CryptoCurrencies #CRT @syscoin: Token Issuance on Syscoin Platform and Masternode Innovations: Development Update https://t.co/5rxelTIT9Q #blockchain #bitcoinRT @SachinLulla: Here are 5 markets that #BlockChain will transform beyond recognition https://t.co/Hi09qs16ji #Crypto #CryptoCurrencies #CRT @SlideCoin: Earn BTC on a DAILY basis from your phone!”,1
"“Use my referral link:https://t.co/ndfSZQxfw2 https://t.co/tqoPuB2hKtRT @mihailyulin82: https://t.co/gPhqgtrOUr #Trading #Bitcoin #Ethereum #ETH #BTCRT @BitcoinBtcNews: NASCAR Catches Bitcoin Fever with Driver Crowdfunding https://t.co/Rn28QWpj1N https://t.co/4x3aTWxMKyRT @SachinLulla: Here are 5 markets that #BlockChain will transform beyond recognition https://t.co/Hi09qs16ji #Crypto #CryptoCurrencies #CLabour Partys Diane Abbott Offers Harsh Assessment of Bitcoin https://t.co/yDb2k69VxUBitcoin: Mastering And Profiting From Bitcoin Cryptocurrency Using Mining, Trading And Investing Techniques (Kindle https://t.co/JEhJ4exPYmhttps://t.co/EQtuAy1YqJ|SOHU IS ICO SOLUTION AGENCY.”",1
"“ #cryptocuRT @ORACLEofETH: Out of all the #Cryptos, I am most bullish on #Litecoin.”",1
"“But, #Bitcoin will probably be the first to surge this year.”",1
"“Follow @PumpkinPayTeam  get 100 PPKC first an https://t.co/AA6ikG1ZIa[NEW POST]: Bitcoin reaching 12k! 100% increase in under one month! What is next? + https://t.co/Sm1eLUI8eF #cryptocurrency #cryptoRT @BTCTN: Mexican Cryptocurrency Regulations Approved by Congress https://t.co/92DIhmyUlQ #Bitcoin https://t.co/z2QK65ik4eOn January 12, 2018@8:13am The Article ?”",1
“? Cryptocurrency is taking over the music industry ? https://t.co/l686yhG89VRT @tvtwocom: Catch up on our last AMAs on our Facebook page: https://t.co/pFWhMt9bH0 // #tvrevolution #crypto #cryptocurrencies #bitcoin #The new innovative project. Hurry up to examine the project and make their investment in the future! I support this https://t.co/cwb6yWsH2WRT @TelegramOpen: The remaining 0.21% of investment.”,1
“Approximate number of necessary investments ~ 4722 ETH or ~ 470 BTC or ~ 3329 BCH   ”,1
"“End? -RT @SachinLulla: Here are 5 markets that #BlockChain will transform beyond recognition https://t.co/Hi09qs16ji #Crypto #CryptoCurrencies #CRT @adryenn: In 2010, the anti-secrecy organization known as WikiLeaks made hea https://t.co/ILxY6XjrpD #Cybersecurity #Bitcoin by #CyberDoRT @KoinMedya: Bankalar ve ATM ??letmecilerinde Endi?e Ve Panik”",1
"“- $BTC broke out of the 0.5 Fib level (daily volume not strong enough to explicitly confirm https://t.co/LpgSmw2LWcCrypto daily News Bank of England, Bill gates, Poloniex, taxes and more https://t.co/LiY9u8u95Q via @YouTube #news https://t.co/anEFhGO2vc”",1
“2. Complete instructions in pinned tweetRT @WhalePanda: Interesting article on the price to mine Bitcoin based on the electricity price. I guess they just took the average price o@equi_capital is destined to become the leading hub for new and experienced investors wanting to be a part of the n https://t.co/xWYWe4jjfj????? ??????? ??????? - ????? ??????? ????????? ???? ????? ?????? : ????? ????? ??? ???????? ?????????????? ??????? https://t.co/LkSldmyd6QRT @dotcomlandlords: https://t.co/qTZ22X8c1p”,1
"“#ganja #cannabiscup #Jamaica #2018isComing #womengrow #Marijuanastocks #Marijuana #HighTimes #Big Bitcoin Heist: 600 powerful computers stolen in Iceland https://t.co/lfz59YLxUgRT @SachinLulla: Here are 5 markets that #BlockChain will transform beyond recognition https://t.co/Hi09qs16ji #Crypto #CryptoCurrencies #Chttps://t.co/vmCkUwLxsb laat je via Bitcoins doneren aan particuliere acties. Het is per direct mogelijk om aan all https://t.co/un4aj2R9PvBitcoin:  US: TechCrunch Founders Crypto Fund Becomes Yet Anoth | News https://t.co/PbJraSfTSnhttps://t.co/rgACfw2ltP laat je via Bitcoins doneren aan particuliere acties. Het is per direct mogelijk om aan all https://t.co/ELbbBehWYRRT @IgniteRatings: LAST HOUR OF THE IGNITE CROWDSALE!!! It's been emotional, thanks to all our contributors. :)”",1
"“#IGNITE #ICO #cryptocurrenRT @tvtwocom: TV-TWO: https://t.co/jNycEpcBhL's Hot Cryptocurrency ICO https://t.co/hlswnug5a2 // @Investingcom #tvrevolution #crypto #crypNew #bitcoin block 0000000000000000000cfc60720b05f577ec1c1776cf142daeb80c7b0391758f mined at height 511830.Yep, this is real Install CryptoTab and mine #Bitcoin! https://t.co/mA0qxhHNpUWho would doubt that this company employs the best specialists in its field! They will take the company to a very s https://t.co/HydVx2rQkkRT @Crypto_God: Banks don't want you to use bitcoin for the same reason the postal service didn't want you to use email. It's that simple.Bitcoin Developments and Cryptocurrency Adoption https://t.co/pujJSPm1uGBitcoin, Ethereum, Bitcoin Cash, Ripple, Stellar, Litecoin, Cardano, NEO, EOS: Price Analysis, Feb. https://t.co/0ALnb1rZQ4RT @KoinMedya: ?zlandada Bitcoin reten 600 Sper Bilgisayar al?nd?.”",1
“#digital #fintech #money  #brand #brandnamRT @CNBCFastMoney: .@BKBrianKelly breaks down the wonderful #crypto universe in a way that's never been done before #bitcoin https://t.co/zBitcoin price prediction [in next 12h]: [current-time = 2018-03-03 16:06:48.543035] https://t.co/EBvbzLLii9RT @Bitcoin: Japan made bitcoin a legal currency - now it's more popular than ever | CNBC Reports”,1
“https://t.co/wHyZqD7yLWRT @BTCNewsUpdates: Bitcoin Cash (BCH): The Return of Creativity.”,1
“?? https://t.co/oYRw1WbIDABitcoin:  US: TechCrunch Founders Crypto Fund Becomes Yet Anoth | News https://t.co/Adz02HkwtjUS: TechCrunch Founders Crypto Fund Becomes Yet Anoth | News https://t.co/1N801lrU59 #bitcoin #cryptoRT @TICMag2: Cryptomonaie : La BCEAO ritre son rejet du bitcoin - https://t.co/xfZIlobjIV https://t.co/UbkS5hlfLSRT @pedrolapera: 1. O cara simulou o prprio sequestro”,1
“#digital #fintech #money  #brand #brandname  #crypto #cryptocurrency #bRT @tonilanec: The Bullish Case for Bitcoin  Vijay Boyapati  Medium https://t.co/2xEJoewCM9https://t.co/2vlMivxZSy|SOHU IS ICO SOLUTION AGENCY.”,1
“Read our latest article about how the DOCT #token is used inside #DocTailor platform. Without DoEarn bitcoin on a daily basis!Tron Price Climbs 25% in a Day #BitcoinNews #bitcoin #BitcoinTalkBitcoin $BTC Price: $11483.2 (5.48%)”,1
“Follow @PumpkinPayTeam  get 100 PPKC first an https://t.co/sq6Ht0aJeaRT @BTCTN: Over 100 Firms Seek Licenses to Operate Cryptocurrency Exchanges in Japan https://t.co/UuVv2bZLMz #Bitcoin https://t.co/CaAO2IeX?Tweet?????????”,1
“1 Hour: 0.42 % | 24 Hours: 5.68 % | 7 Days: 17.46 %”,1
"“#btc #bitcoinWeek in Review for March 3, 2018: Bitcoin Developments and Cryptocurrency Adoption - Nasdaq https://t.co/zJEeUs6O0P https://t.co/qA2cy7bg7tFintech World Event Feb 7th at the Harvard Club of New York”",1
"“https://t.co/C8V6OeLH5p #wsj #nytimes #reuters https://t.co/uq4l4vQU61Bitcoin Price Napkin Math - $15,882 https://t.co/kir2VQFmDh #bitcoin #cryptocurrency #crypto #btc #trading #ico https://t.co/3IrO8OMDD6RT @CEEK: Republican Candidate Austin Petersen Accepts the Largest Campaign Contribution Paid in BTC https://t.co/HUt6MAVfwM via @BTCTNRT @IgniteRatings: LAST HOUR OF THE IGNITE CROWDSALE!!! It's been emotional, thanks to all our contributors. :)”",1
“#IGNITE #ICO #cryptocurrenRT @CoinMetro: Is #Bitcoin Doomed? Why Bankers Hate The Popular #Cryptocurrency  Explained”,1
"“Philadelphia Fusion vs London Spitfire ?? https://t.co/DyJ3adusJzThe Downfall of BitConnect Was Only a Matter of Time https://t.co/ULXO685p0G #Cryptocurrency #Crypto #Bitcoin #Btc #PureCryptoNewsRT @SachinLulla: Here are 5 markets that #BlockChain will transform beyond recognition https://t.co/Hi09qs16ji #Crypto #CryptoCurrencies #CRT @bitcoinus_io: Australian cryptocurrency exchange has made buying Bitcoin and Eterium for fiat possible in more than 1,200 newsstands acRT @SachinLulla: Here are 5 markets that #BlockChain will transform beyond recognition https://t.co/Hi09qs16ji #Crypto #CryptoCurrencies #CBig #Bitcoin Heist: 600 powerful computers stolen in Iceland #cryptocurrency https://t.co/Tle1gkmKeq https://t.co/nvZ4WHoSfZPlease consider joining Refereum, the most hyped up ICO comming up with almost 100k telegram users, details here: https://t.co/QEW3xZg6OqTechCrunch Founders Crypto Fund Subpoenaed By SEC - CoinDesk https://t.co/O14KwJCUrk #bitcoin #criptomonedas https://t.co/vEtZT2dazkFintech World Event Feb 7th at the Harvard Club of New York”",1
“https://t.co/WBmq86A3xW #wsj #nytimes #reuters https://t.co/Jk12rdlapBRT @caviar0x: What to expect from #blockchain in 2018: 5 trends to watch!”,1
“https://t.co/lSvTqKmjoe”,1
“ #cryptocuRT @djvlad: Richard Sherman Reveals That He Nearly Hit Bitcoin Jackpot (Audio) (@rsherman_25) https://t.co/pFDmDcVQvv https://t.co/Wtlp3aO2When you are trying to buy the dip https://t.co/cgzLYdervf (https://t.co/lnkJw2Xae8)RT @bethereumteam: We've just hit 500 members on Telegram. Have you seen our Group Butler? He's quite funny.”,1
"“#Bethereum #crypto #bitcoin #tRT @JeffLee2020: North Korea Made $200M Off Bitcoin https://t.co/A5n4Xr0aoSCome cambia il calcio: dopo la VAR anche i primi acquisti di calciatori fatti in criptomoneta! E se Neymar fosse st https://t.co/1GRMsyAbsvRT @RT_com: #Bitcoin 'should prevail if it generates trust, eradicates bureaucracy'  ex-Mexican president to RT https://t.co/OoCbUbOJEa #CCome cambia il calcio: dopo la VAR anche i primi acquisti di calciatori fatti in criptomoneta! E se Neymar fosse st https://t.co/4ED96ESwOgRT @EuropeanCryptoB: Regulation is on the way”",1
“#blockchain #tokensale #cryptocurrency #ECB #europeanCryptoB #ethereum #ICO  #cryptocurrencieFintech World Event Feb 7th at the Harvard Club of New York”,1
“#digital #fintech #moneyThat feeling when you just bought the dip because you know #Bitcoin will always bounce back every single time.”,1
“#bitcoin #litecoin #ethereum #blockchain #cryptocurrency https://t.co/CPtPg2y9RT @BTCTN: Wendy McElroy: Silence and Soul in the Crypto Cold War  the Evolution of Privacy https://t.co/fQ5P0TDceP #Bitcoin https://t.co/BITCOIN ASCENSION MEMBER TESTIMONIAL VIDEOS https://t.co/ShM4FmMQaV https://t.co/wsB0tJ0RML via @YouTube#baanx is great opportunity for those who wants to invest in cryptocurrency. With their #Crypto team #baanx develop https://t.co/l6UTJ2tmc1Come to join a good project”,1
"“#digital #fintech #moneyRT @RedditBTC: I'm no maximalist, but bitcoin has been #1 for ten years, created a new permissionless economy, and became the reserve curreRT @Sarinski_: Ma perch non posso votare a casa mia in pigiama con internet ma cazzo c lhome banking c questo e laltro e i bitcoin eRT @RT_com: #Bitcoin 'should prevail if it generates trust, eradicates bureaucracy'  ex-Mexican president to RT https://t.co/OoCbUbOJEa #CRT @pedrolapera: 1. O cara simulou o prprio sequestro”",1
"“The first Altcoin was Namecoin, which was created in April 2011. It is a decentralized open source infLog view of bit\u2026 $BTCGBP https://t.co/XAOfU6PkjOCryptocurrency: The Future of Money, Blockchain Technology &amp; Digital Revolution (Practical Guide to Cryptocurrency, https://t.co/lwJiTaozonRT @skychainglobal: Meet us at Blockchain &amp; Bitcoin Conference in Thailand on March, 6! #skychainglobal #skychainico #ico #skychain #neuralBitcoin's plunge in volume stirs questions about its usage - The Globe and Mail - https://t.co/YV0wOdV0xo https://t.co/qGXKxnlOHtRT @XferMoney: #Xfermoney highlighted in ICOExamine !”",1
"“#ICO #cryptocurrency #Blockchain #Bitcoin #Ethereum #BTC #fRT @BitcoinWrld: To combat fears of a trade #War, put your money in #Bitcoin, said hedge-fund manager and #Bitcoin bull Brian Kelly. '[BitcRT @KoinMedya: Stellar Dibi Grd, Yeni Czdan Gncellemesi Byk Bir S?ramaya Sebep Olabilir”",1
"“$11394.25/$11510.80RT @bethereumteam: Less then 24 hours and our communities have grown by more than 20,000 members. All systems are still operational!”",1
"“But, #Bitcoin will probably be the first to surge this year.”",1
“IRT @Chrone338: DLive Stream Charting and Research on Cryptos come join! #Cryptocurrency #crypto #bitcoin #altcoins #TA #FA ”,1
“#digiBreaking down Bitcoin | Science Interviews | Naked Scientists #PeterCowley #KatieHaylor https://t.co/hSQRf8mBnr https://t.co/ZlaGBl5SJp@Johnbenitezjr Posted... ”,1
“https://t.co/BbMNnkVHtB#Bitcoin #Ethereum #Blockchain How to Help ICOs Go Legit https://t.co/Pxkfcu0IQiBitcoin-linked heist: thieves stolen 600 powerful computers in Iceland - https://t.co/IQeptmSPFP #security #cybersecurity #infosec#ethereum #blockchain #ico #bounty #Bitcoin #Cryptocurrencies #crypto #followback #followforfollow #FolloMe #MGWV H https://t.co/JHT15WKscsRT @lowstrife: Roger Ver: Over a billion dollars worth of funds are currently stored with the https://t.co/GugYjWUqze wallet across nearlyThe Crowd is still not Euphoric over Bitcoin https://t.co/7GH6VYVtNKRT @Mac_burda: GALATASARAY---KARABUK Canli HD”,1
"“#crypto #cryptocurrency #bitcoin #BTC #etRT @sarahjeong: Bitcoins greatest achievement has been making the existing payments system, which is an unholy garbage fire, look reasonabhttps://t.co/8kKEyU0VSN”",1
"“#digital #fintech #money  #brand #RT @Spainsif: Curioso, #climatecoin, una moneda invertir contra el #cambioclimtico https://t.co/MQxoxoAhCs #bitcoin #criptomonedas https:/https://t.co/yw85xcp2wM|Based on blockchain genetic medicine ecological solution.”",1
"“Use my referral link:https://t.co/z1UwxasOq9 https://t.co/uNfuQn0UT6RT @Denaro_io: Denaro helps you send funds to loved ones, colleagues and favorite stores no matter where you are in the world.”",1
"“Visit httpsRT @yishi888: I would say its Tim Paterson, the creator of 86-DOS (later renamed into MS DOS), the world's first OS, command-line based. Le#Crypto #Blockchain #Crowdfunding #Essentia”",1
"“#dApps #decentralized #ethereum #bitcoin #cryptocurrency #ICO #invest https://t.co/sVm7cPP10P233 Million Reasons Bitcoin And A Few Other Digital Currencies Will Win Survival Of The Fittest https://t.co/6rtZO5C4IUBitcoin Price Napkin Math  $15,882 https://t.co/hGtvDhakntCome to join a good project”",1
"“#cryptocurRT @FedericoTenga: Thanks to batching the total number of transaction is back to 2016 levels, but this doesn't mean there is less Bitcoin uRT @DanDarkPill: #FF @blockdigest a Bitcoin news related discussion show.”",1
“Listen to @brian_trollz and @J9Roem explain difference between ohttps://t.co/QljnBef8vM|Based on blockchain genetic medicine ecological solution.”,1
"“https://t.co/4kufvwfPrf https://t.co/MUi0vN2Coq@chess24com The evaluation for the Svidler v Karjakin has had more ups and downs than Bitcoin...  #TalMemorialRT @RT_com: #Bitcoin 'should prevail if it generates trust, eradicates bureaucracy'  ex-Mexican president to RT https://t.co/OoCbUbOJEa #CNew #bitcoin block at height 511831: 355 transactions for 591.92190106 #BTC ($6,787,130) Size 1048kB Weight: 3992kWU #blockchainCopy successful traders automatically with Bitcoin! ????”",1
"“?? https://t.co/kRTcQuXCMZ https://t.co/V3AJQFG5W7RT @Cointelegraph: .@Germany wont tax @Bitcoin, if it is used as a means of payment. https://t.co/WKTD7I2UyE233 Million Reasons Bitcoin And A Few Other Digital Currencies Will Win Survival Of The Fittest... https://t.co/tBmltIVN1HRT @BTCTN: Liechtenstein Bank Offers Account Holders Direct Crypto Investments https://t.co/cIq5Da0m84 #Bitcoin https://t.co/9MJIeG2IB7Register on BitMEX and GET 10% Discount for 6 months!!!”",1
“#Blockchain #Crypto #Ico #Ether #Ethereum #Bitcoin #Tokensale https://t.co/YVwvtqO3tXRT @paul_btc: Accumulation by states is starting... https://t.co/sF3XkdmiL8RT @mBTCPizpie: Rising wedges break up in #bitcoin ”,1
“#izx #izetex #blockchain #cryptocurrency #bitcoin #ar #vr #decentralizatioRT @AutoUnit2018: Porsche First To Test Blockchain Technology For Cars https://t.co/jQ65IfTRV2 ”,1
“Simple market cycle change analysis using price-action. No tricks or heavy technical indicators here... just folRT @cstross: Laundry Files canon as of the next book: Every BitCoin proof-of-work mined is an incremental addition to a vast distributed sRT @cstross: Laundry Files canon as of the next book: Every BitCoin proof-of-work mined is an incremental addition to a vast distributed sRT @FunFairOfficial: Do some Research On Fun Fair #Crypto Do your DD.”,1
“They offered a vegan menu and payment in bitcoin! One of the guys in thi https://t.co/08DCrtOHHXCopy successful traders automatically with Bitcoin! ????”,1
“?? https://t.co/RzkZmjw3m6 https://t.co/eHQLTTJUogRT @TelegramOpen: The remaining 0.21% of investment.”,1
“Approximate number of necessary investments ~ 4722 ETH or ~ 470 BTC or ~ 3329 BCH   ”,1
“hRT @BTCbenny: Yet another pissed off first time #crypto user today at the office after they mistakenly bought #bcash thinking it was #BitcoRT @tanjaplayner: 100% #Followback all my friends https://t.co/80T3tB2qGW  USA #UK Germany #Switzerland  - France  #China Canada #Paris FolRT @technology: What's the future of money? Mark Carney explains how the Bank of England is coping with Bitcoin and other digital challengeRobotina ICO: A game-changer in energy management ”,1
"“1 BTC = 222,356.94 Pesos = 11,453.99 Dlls”",1
“https://t.co/2pXbxIaUXW #twickerDear Bitcoiners. Pay attention to who is promoting Bitcoin. Let your wisdom guide your decisions. https://t.co/ROoNQcbp6CThis project has good concept and good team. Join with it. https://t.co/Z1M4zghXEo    ”,1
"“Use my referral link:https://t.co/fa3eVvdq87 https://t.co/k6z0MNqGp3New bitcoin report for block 511829, there were 3 transactions over $500,000 USD totaling $3,086,327 USD. Full repo https://t.co/g7zVaqIb7cCheck out my new week in review for Bitcoin Magazine. https://t.co/R12MINstgORT @SCMP_News: Biggest theft ever in Iceland: 600 computers used to mine #bitcoin stolen from data centres https://t.co/GI3kUZhI23RT @CoinSmartGroup: BREAKING NEWS:”",1
"“Uber co-founder unveils a new cryptocurrency, Eco Coin.”",1
"“Eco seeks to create the most usable digitalRT @ORACLEofETH: Out of all the #Cryptos, I am most bullish on #Litecoin.”",1
"“But, #Bitcoin will probably be the first to surge this year.”",1
"“IBlockchain Technology Explained: The Ultimate Beginners Guide About Blockchain Wallet, Mining, Bitcoin, Ethereum, https://t.co/oJTBAKmVm2@krptwallah @maxkeiser @stacyherbert Everybody has that Ill do my own coin phase. Comes after the I dont belie https://t.co/5SGS3k9jujOnly 73 more followers till I send out some free Shirts! Retweet and follow to enter!”",1
"“#follow #RETWEET #btc #tel https://t.co/i6rNUdcRekRT @Landm_Marius: We will provide over 10 million free Bitcoin and Crypto reports this year alone. You will have the same information the eI met a millionaire, who said he's paid me well to design and build his website for his bitcoin investment site.... https://t.co/AKdP9koAKMThe new Canada India alliance on the bitcoin front could see a very 'aachhe din' to come for the Indian fintech bas https://t.co/81SS2fBoDkCome to join a good project”",1
“#dApps #decentralized #ethereum #bitcoin #cryptocurrency #ICO #invest https://t.co/9hqthnTK5sRT @Crypto_God: Banks don't want you to use bitcoin for the same reason the postal service didn't want you to use email. It's that simple.RT @THEBITCOINONE: WIN 10 x 10.000 BitCoin ONE.”,1
“?1??????????????????RT @NODEfather: Anyone want to help me with this unprecedented Federal Court case against all of our rights to use Bitcoin in the United StBlock: 511831 ”,1
“?? https://t.co/7s47nDjtsL https://t.co/aUZczwowaBNew #bitcoin block 000000000000000000416bd76c5531dbdb08ab2e9503bbdebf9c3c7e6290e186 mined at height 511831.How Bitcoin Ends ... #Bitcoin https://t.co/709sG7qv2jRT @IgniteRatings: BREAKING NEWS! Ignite joins the @Bancor Network...”,1
“#crypto #cryptocurrency #ethereum #ICO #bitRT @CryptoRabbi: Up we gooooo!????”,1
"“Just gotta break free....Easiest bitcoin investment!  Bit coin is now rising, it's a big chance!! https://t.co/13HBPggBmC  https://t.co/507R3Oc6WChttps://t.co/OEdPEu3Vzj|SOHU IS ICO SOLUTION AGENCY.”",1
“Follow @PumpkinPayTeam  get 100 PPKC first an https://t.co/6G7RzLxzfr#Crypto #Blockchain #Crowdfunding #Essentia”,1
"“4. Ele voltou com o rRT @BitcoinCashFans: @ColinAd33006332 @derekmagill @BitPay BitPay's using their own payment protocol. Only a few wallets support it. (httpsBitcoin's 'Kimchi Premium' Has All But Evaporated https://t.co/HA1ijJQqsa #Bitcoin $BTCBitcoin, Etherum Traditional https://t.co/y2fqsJdhJS https://t.co/eF5PbsssIX'Grand Theft': 600 Powerful Bitcoin-Mining Computers Stolen in Iceland https://t.co/Lv1dEZoVMH #Bitcoin $BTCRT @RT_com: #Bitcoin 'should prevail if it generates trust, eradicates bureaucracy'  ex-Mexican president to RT https://t.co/OoCbUbOJEa #CRT @DocumentTailor: DocTailor's COO just wrote a great piece providing #investors with all the information that they need to participate inRT @NimbusToken: Mining will cease when the NIM token pool is empty. New NIM mining will restart when the total amount of NIM tokens is lesRT @LunesPlatform: Thanks to all the community who sent us videos with a positive message about Lunes. We love you all!”",1
“#lunes #cryptocurr233 Million Reasons Bitcoin And A Few Other Digital Currencies Will Win Survival Of The https://t.co/LReRdTEGlxCome to join a good project”,1
“2. Complete instructions in pinned tweetRT @SniffOutStocks: Bitcoin:  US: TechCrunch Founders Crypto Fund Becomes Yet Anoth | News https://t.co/PbJraSfTSnSee that pitchfork in #BTCUSD @Bitcoin ??”,1
"“Thats your guidance for now on! https://t.co/ktxyKi4DCCFREE $ELF tokens, don't miss this chance! $aelf $btc $eth $dgb $ltc $xrp $xvg $xlm $xem $nxt $bis $bch $etc $sc https://t.co/OTgF3dYvsj#Crypto #Blockchain #ICO #Profit #invest #Crowdfunding #CoinMetro https://t.co/Cf1k3PA0Zh https://t.co/MkLZIO0n3Xhttps://t.co/tRODwh1oOf”",1
“#izx #izetex #blockchain #cryptocurrency #bitcoin #ethereum #cryptoconference #ar #vr #koreCome to join a good project”,1
“Use my referral link:https://t.co/6sUcQhLbdD https://t.co/IlTxbvS6mu@JoelDalais @BTCNewsUpdates No brainer.. #bch for the win! #bitcoin #cryptocurrency#Crypto #Blockchain #Crowdfunding #Essentia”,1
“#dApps #decentralized #ethereum #bitcoin #cryptocurrency #ICO #invest https://t.co/KaN83Wg7i2Wheres the volume? $BTC #bitcoin https://t.co/L5F3b0h2rTRT @ArtistsandMusic: Out Now! Jackpot”,1
“This is why decentralizatiohttps://t.co/asj1GtNHVN|SOHU IS ICO SOLUTION AGENCY.”,1
"“Use my referral link:https://t.co/Vgc091N8uI https://t.co/b2djlDcYGanew hype cycle inbound, smart buying happening now #bitcoin #crypto https://t.co/pXosxkuCTQhttps://t.co/g0gg44O6bx|Based on blockchain genetic medicine ecological solution.”",1
“#blockchain #tokensale #cryptocurrency #ECB #europeanCryptoB #ethereum #ICO  #cryptocurrencie10) Remember:”,1
"“The neckline of an Inverse Head &amp; Shoulders doesn't always break on the first try. We saw slight retr https://t.co/g18xHIJ5orRT @Cointelegraph: You can say whatever you want, the crypto market remains strong ?? https://t.co/TBLSSzvrN7Come to join a good project”",1
“Are weRT @aantonop: I heard that a dancer in Vegas has a bitcoin QR code tattoo and all I could think of was...”,1
“#izx #izetex #blockchain #cryptocurrency #bitcoin #ar #vr #decentralizatioRT @CoinSmartGroup: BREAKING NEWS:”,1
"“Uber co-founder unveils a new cryptocurrency, Eco Coin.”",1
"“Eco seeks to create the most usable digitalRT @bitcoincoid: Mengingat banyaknya pertanyaan mengenai LELE coin, kami menghimbau bahwa https://t.co/xRR44v5KmX tidak support airdrop LELCopy successful traders automatically with Bitcoin! ????”",1
“Are we$BTC Current Price = $11454.79”,1
“$BTC 24 Hour Average = $11018.16”,1
“Market is Up $436.63”,1
“$ETH 24 Hour Average = $870.07”,1
“Purchase Bitcoin with Cash App @ https://t.co/JpQoX1ioYJRT @QtumOfficial: #Qtum  A Hybrid Model for Real World Blockchain Solutions ”,1
"“
@GoCoin now processing BCH payments; bringing lower fees and rA sign of new money. https://t.co/eiPxt3Lkec$HIPH Creates Blockchain Advisory Board To Evaluate Blockchain Acquisition Opportunities. International Monetary wi https://t.co/gl57QXSOVIRT @BTCTN: Mexican Cryptocurrency Regulations Approved by Congress https://t.co/92DIhmyUlQ #Bitcoin https://t.co/z2QK65ik4e@cryptodemedici Interesting read, titled Bitcoin over Tor isn't a Good Idea: https://t.co/WKECUkLTsu@cstross All of a sudden, Bitcoin makes so much more senseRT @bitcoinus_io: Australian cryptocurrency exchange has made buying Bitcoin and Eterium for fiat possible in more than 1,200 newsstands ac$HIPH Creates Blockchain Advisory Board To Evaluate Blockchain Acquisition Opportunities. International Monetary wi https://t.co/6W8ngn9ggy@Forbes #Mosaic_io CEO, Garrick Hileman, appeared on CNBC to discuss Bitcoin, the Venezuelan-state Petro cryptocu https://t.co/pP0eqOJSjQ$HIPH Creates Blockchain Advisory Board To Evaluate Blockchain Acquisition Opportunities. International Monetary wi https://t.co/3A16j1THfs#bigmoneydivorce How do I make bitcoin money? https://t.co/mPnBp3J7AP https://t.co/ZsxTzi9A28$HIPH Creates Blockchain Advisory Board To Evaluate Blockchain Acquisition Opportunities. International Monetary wi https://t.co/5IGFwwzClM$HIPH Creates Blockchain Advisory Board To Evaluate Blockchain Acquisition Opportunities. International Monetary wi https://t.co/sWDuQsGAQWRT @EuropeanCryptoB: https://t.co/v7xJ0YHLht  ”",1
“SERENITY: The first blockchain standardized trading environment!”,1
"“#????????????, #???????, #????????, #???????, #??????????, #????????, #???????, #?????, https://t.co/YYNGkmqVnO$HIPH Creates Blockchain Advisory Board To Evaluate Blockchain Acquisition Opportunities. International Monetary wi https://t.co/cyacnejaeQRT @PureCryptoNews: The Downfall of BitConnect Was Only a Matter of Time https://t.co/ULXO685p0G #Cryptocurrency #Crypto #Bitcoin #Btc #Pur$HIPH Creates Blockchain Advisory Board To Evaluate Blockchain Acquisition Opportunities. International Monetary wi https://t.co/ivT4y5bsNL#getthatshmoney Why is bitcoin better than money https://t.co/AHQD7bymXd https://t.co/jxSUFcGiZS$HIPH Creates Blockchain Advisory Board To Evaluate Blockchain Acquisition Opportunities. International Monetary wi https://t.co/n18MeMan9Y$HIPH Creates Blockchain Advisory Board To Evaluate Blockchain Acquisition Opportunities. International Monetary wi https://t.co/5WwyXogAQt$HIPH Creates Blockchain Advisory Board To Evaluate Blockchain Acquisition Opportunities. International Monetary wi https://t.co/iovDXdKHL4$HIPH Creates Blockchain Advisory Board To Evaluate Blockchain Acquisition Opportunities. International Monetary wi https://t.co/jJtWL4r3LO$HIPH Creates Blockchain Advisory Board To Evaluate Blockchain Acquisition Opportunities. International Monetary wi https://t.co/mENLuPDBCPRT @BTCNewsUpdates: GoCoin brings Bitcoin Cash (BCH) To 15,000+ Merchants.
”",1
“GET BONUS here: https://t.co/tmbYe5nX0OEarn bitcoin on a daily basis!”,1
"“#????????????, #???????, #????????, #???????, #??????????, #????????, #???????, #?????, https://t.co/4DqtEP22OXRT @CryptoHuntGame: Crypto Hunt Crowdsale LIVE in 30min! (5:00PM EST) Visit here: https://t.co/baYmK6FBtN #litecoin #cryptohunt #cryptohunthttps://t.co/gVxrillMBU”",1
“1. Follow @slidecoin ”,1
"“2. Complete instructions in pinned tweet233 Million Reasons #Bitcoin And A Few Other Digital Currencies Will Win Survival Of The Fittest https://t.co/GPk4d0k2UlInstall CryptoTab and mine Bitcoin! https://t.co/5LzMlrQxqTRT @maxkeiser: As predicted, #Bitcoin dominance continues to increases. 80% coming...The Downfall of BitConnect Was Only a Matter of Time https://t.co/zbsSfutpuv #crypto #cryptonews #bitcoin https://t.co/FACxuveG6eRT @Serenity_io: #ICOSerenity #SerenityFinancial”",1
“Join this pump group. Stop losing get the signal early and win allRT @cstross: Laundry Files canon as of the next book: Every BitCoin proof-of-work mined is an incremental addition to a vast distributed s#Crypto #Blockchain #Crowdfunding #SyncFab #CNC #SupplyChain #Manufacturing #ether #ethereum #bitcoin https://t.co/tXkouexohYRT @OnPeakDemand: Friend Blockchain ICO White Paper in Portuguese (@FriendUpCloud)”,1
"“#bitcoin #blockchain #cryptocurrency #fintech #AnalytiRT @bethereumteam: Less then 24 hours and our communities have grown by more than 20,000 members. All systems are still operational!”",1
"“#TRX #TRON #time #bitcoin #Blockchain #btc #crypto #ethRT @Landm_Marius: For first time since 17 December 2017 Bitcoin has broken major resistant line. This means one thing, BEAR MARKET is overRT @bethereumteam: Less then 24 hours and our communities have grown by more than 20,000 members. All systems are still operational!”",1
“Are weRT @emsti_ru: #cryptocurrency #bitcoin #ICO #bounty #airdrop #???????????? #??????? #??????”,1
“With Deflationary #Bitcoin! Get Long Today”,1
"“Are weThere Is a Bitcoin Patent War Going On, but This Initiative Could End It  https://t.co/66IVqZc7pe#Fork: proceso por el cual una moneda se convierte en dos, una conservando el nombre original y la otra con uno nue https://t.co/tJewPhfWT8RT @jimmysong: 30 more devs trained. That wraps up the 9th edition of Programming Blockchain. 10th edition in Hong Kong 3/22-23 and the 11tQuebec Throws Cold Water on #Bitcoin Miners Seeking Cheap Power https://t.co/eeWYYbsHC6 https://t.co/9SWg69iOtRRT @EthereumNetw: One Thousand Australian Newsagents Launch Ethereum and Bitcoin In-store Purchases https://t.co/lT98RZ0K5p#meshmoney How do bitcoin exchanges make money? https://t.co/hrjQxXiPiV https://t.co/Mgr8y3iBmB@Forbes #Mosaic_io CEO, Garrick Hileman, appeared on CNBC to discuss Bitcoin, the Venezuelan-state Petro cryptocu https://t.co/pP0eqOJSjQ$HIPH Creates Blockchain Advisory Board To Evaluate Blockchain Acquisition Opportunities. International Monetary wi https://t.co/dZKlZSYZm6Dogecoin mousepad for only $0.99! Free Shipping! https://t.co/h1cBJcbwm0 #doge #dogecoin #btc #bitcoin 11 https://t.co/4nleWE7mPC$HIPH Creates Blockchain Advisory Board To Evaluate Blockchain Acquisition Opportunities. International Monetary wi https://t.co/mscVVNeU60RT @yicaichina: #Bitcoin Is the New #Birkin Bag, the new #luxury status symbol says #SterlingCrispin who created a sculpture including #bit$HIPH Creates Blockchain Advisory Board To Evaluate Blockchain Acquisition Opportunities. International Monetary wi https://t.co/22CWSHCQgi$HIPH Creates Blockchain Advisory Board To Evaluate Blockchain Acquisition Opportunities. International Monetary wi https://t.co/6ix7vrh3YC$HIPH Creates Blockchain Advisory Board To Evaluate Blockchain Acquisition Opportunities. International Monetary wi https://t.co/arIGTwMiyv$HIPH Creates Blockchain Advisory Board To Evaluate Blockchain Acquisition Opportunities. International Monetary wi https://t.co/FPYWAIGwEG$HIPH Creates Blockchain Advisory Board To Evaluate Blockchain Acquisition Opportunities. International Monetary wi https://t.co/XmANa29Faohttps://t.co/DCIrYIcSIw

”",1
"“#ico #cryptocurrencyBitcoin Price Napkin Math $15,882 https://t.co/acyDtMvm7b https://t.co/ErVelAxzbDRT @bubbletone_eng: #BubbleTone's media head Kirill Maskaev goes to #Istanbul for #Blockchain &amp; #Bitcoin Conference to say goodbye to #roamRT @safeincom: Single ID verification to cover all future registrations! A revolutionary electronic money institution providing top-notch u#ANON”",1
“Think:Youtube/Itun https://t.co/sC9R6yybRT$ 1 trillion in investments could go to cryptocurrencies thanks to Wellington Management | CriptoNews -&gt; https://t.co/akRubmRxuWRT @ORACLEofETH: #Bitcoin will be worth over 60k before summer.”,1
“-Warren B.RT @incremint_ico: #BTC &amp”,1
“#TayloThe #Bitcoin 101 (Cryptocurrency) meetup is hosting the Explore Crypto Mining Mini-Series: Part 2 on Thursday. Be t https://t.co/PpqWIoUtPV#Bitcoin heist: 600 powerful computers stolen in Iceland https://t.co/6vKazyNuc9????????????????”,1
"“#beyourownbankbankRT @xmoneta_xmn: https://t.co/xuOOCdeKnR goal is a global free platform, connecting million people from around the world. We want to createRT @Denaro_io: Denaro helps you send funds to loved ones, colleagues and favorite stores no matter where you are in the world.”",1
“Visit httpsWashington D.C. Forum Plans the Future of Blockchain Technology https://t.co/htkvDIg4VO ”,1
“Use my referral link:https://t.co/ZSRwIynmYF https://t.co/NnpLmDsk0lRT @bokujyuumai: ???SegWit??????????????????????????????????????????????????USD??????Bitfinex????????0.0004BTC?600?????#?????? #Bitcoin #??Bitcoin: A Clear and Simple Guide to Getting Up and Running Fast with Cryptocurrency (Kindle Edition) https://t.co/dEMumPutJECRYPTOGARTEN - Tgliche News zu Bitcoin und Blockchain wurde soeben publiziert! https://t.co/c3XXqKHKqC Vielen Dank u.a. an @AKolbLeistnerRT @JustFactsNL: Crypto trade signals on Telegram https://t.co/tuxsQtqfwB &lt”,1
"“https://t.co/39R6HP4VLf   . TIME LEFT https://t.co/GOe3cHbkOBRT @bitcoinus_io: Australian cryptocurrency exchange has made buying Bitcoin and Eterium for fiat possible in more than 1,200 newsstands achttps://t.co/VWUtNxWxkV”",1
“#Crypto #Blockchain #BANCA #InvestmentBank #ether #ethereum https://t.co/9YSzOc2RnHRT @hashflareinfo: Bitcoin is going up again. Expected that #price of #bitcoin will be around 25000 until April. ”,1
"“Start mining - https://tRT @bethereumteam: Less then 24 hours and our communities have grown by more than 20,000 members. All systems are still operational!”",1
"“Are weRT @ArminVanBitcoin: If anything should worry you, its the value of the dollars in your bank, not the #bitcoin in your hardware wallet. ??????RT @futurezoneat: Mutmalicher Mafia-Raub von 600 Bitcoin-Mining-Gerten in Island verursacht Millionenschaden https://t.co/TePJRV0pzh@BitcoinCashFans @derekmagill @BitPay Yes i tried to pay and i cant quite figure it out.”",1
“I have a https://t.co/rU35ztDIiqRT @Coin_Bros: I liked a @YouTube video https://t.co/g2eg0tmkuq Who will take Bitcoin!?RT @ricburton: The best investments Ive made have been in cults. ”,1
“10 #bitcoin reward from https://t.co/WrsDQEBC19Copy successful traders automatically with Bitcoin! ????”,1
"“?? https://t.co/R7vBWecEcX https://t.co/OECEqYHC5IGo @bethereumteam https://t.co/mn4QLGXbwaSatoshiLabs partners with Tech Bureau to promote TREZOR bitcoin hardware wallet in Japan EconoTimes https://t.co/7DaklOcj0YWeek in Review for March 3, 2018: Bitcoin Developments and Cryptocurrency Adoption - https://t.co/QMGoUaNiA8 $BTC #bitcoin #investingRT @OpenPlatformICO: 50 Cent Swears Under Oath He Doesn't Own Bitcoin https://t.co/tgy8OtHqeL #cryptonews #allaboutbitcoinRT @adblurbico: Registrations are Open Now !! ”",1
“ #cryptocuMoon Bitcoin - The bitcoin faucet where YOU decide when to claim! https://t.co/aPIai4vTuL #bitcoin #faucet via @Moon_BitcoinRT @BitcoinWrld: 233 Million Reasons #Bitcoin And A Few Other Digital Currencies Will Win Survival Of The Fittest https://t.co/GPk4d0k2UlRT @KCMOTechEvents: The #Bitcoin 101 (Cryptocurrency) meetup is hosting the Explore Crypto Mining Mini-Series: Part 2 on Thursday. Be thereRT @crypto_linda: #Hardware #GIVEAWAY !!!?????????? ”,1
“End? -@GeneChainPlus https://t.co/QljnBef8vM|Based on blockchain genetic medicine ecological solution.”,1
"“?? Enter your ETH wallet address and fo https://t.co/Ps9tWyLX70RT @safeincom: Hello Friday! Safein has been rated with AA rating by ICObazaar: Crypto Market Insight! https://t.co/o4VsLrZRUt #cryptopaymeRT @ORACLEofETH: Out of all the #Cryptos, I am most bullish on #Litecoin.”",1
“IRT @Volans_official: Volans developing a unique credit system using the Blockchain technology.”,1
“- Token Sold until 20.02.2018 ( 10 225 075 BRF )”,1
"“#lunes #cryptocurrenc@WokeCrypto @_carmorti_ @jimmysong I'd recommend python or go. And study mastering Bitcoin. If you want to do contracts learn solidity.RT @coinyeezy: Bitcoin represents the culmination of decades of research in cryptography and distributed networks. This wasn't a miracle, iBitcoin Price Napkin Math  $15,882 https://t.co/5uXXn57vdK https://t.co/vvG27RJV2iWoori Bank, Ripple Kullanmaya Ba?layacak  #Bitcoin #Kripto #Crypto #Ethereum #Ripple https://t.co/VGL1BDxsKNRT @emsti_ru: #cryptocurrency #bitcoin #ICO #bounty #airdrop #???????????? #??????? #??????”",1
"“#airdrop #bounty #BTC #ETH #freetoken #Crypto #Blockchain https://t.co/rFbzfxovtyRT @iamjosephyoung: Bitcoin's dominance index is moving towards a yearly high (well basically three months), currently at 41.7%. Bitcoin haRT @maxkeiser: As predicted, #Bitcoin dominance continues to increases. 80% coming...RT @whaleclubco: The One Coin to rule them all - Chapter I, Episode 2 #bitcoin  Trade $BTCUSD with up to 20x leverage: https://t.co/ogeEs8https://t.co/BaeUMVx78S|SOHU IS ICO SOLUTION AGENCY.”",1
“Use my referral link:https://t.co/9M8LP8VbLJ https://t.co/RXv50mr70Y#Dubai Promotes #Blockchain Technology by Creating a #Marketplace for Tourists ”,1
"“BCASH pumps temporarily got theRT @NODEfather: Before I was CEO of Bitcoin inc, before I was Founder &amp; Developer at @BitcoinKinetics, before I was a stone mason, I was a1 Bitcoin ( #BTC )”",1
“Airdrop Decentralized Audio Content Community:RT @Bitc2org: A screenshot of the in-development Bitcoin 2 Core software. #bitcoin2 #btc2 #bitcoin #bitcoinfork #wallet https://t.co/B3vYwSI just published Stop storing your bitcoin on a website https://t.co/EnpYBZJ7fqRT @DocumentTailor: The power of Doc Time!”,1
“Read our latest article about how the DOCT #token is used inside #DocTailor platform. Without Dohttps://t.co/QGsVFG1pgh”,1
“#Bitcoin #Ethereum #CryptoBountyProgram #FreeTokeRT @akashi_riot: BitZeny?????Bitcoin Core 0.16.x??????BitZeny Core 3.0.x????????????BitZeny?????????????????????????????????github?????????RT @CryptoRecife: ?? RecifeCrypto 2018 ??MONEY FREE??”,1
“Love ICO Bitcoin ERC20 Waves Stellar?? AIRDROP ??”,1
“https:/Court Will Not Seize Crypto as Debt Payment from Bankrupt Citizen in Russia #bitcoin .. https://t.co/9AfPrsssQqRT @SMOKE_io: Joined https://t.co/UNY4eZR7x3 yet? ”,1
“Follow @PumpkinPayTeam  get 100 PPKC first an https://t.co/8rrRdAGavpPeople who think Bitcoin is a bubble should really turn their attention to the UK property market. 400k sheds and garages = TulipmaniaRT @TradePlayz: Go buy your ZED tokens now! 55% off!! TradePlayz ICO??????”,1
"“#frer/t Bitcoin-linked heist: thieves stolen 600 powerful computers in Iceland https://t.co/knOeQNR2Mb[NEW POST]: From Bitcoin to Fedcoin - Will Central Banks Join The Blockchain? + https://t.co/rPHDTh2Ftx #cryptocurrency #cryptoRT @zoltankoz: @katebevan Lucky for us we also had amazing women at #BlockstackBerlin like @starkness building bitcoins most important upgRT @obizcoin: Obizcoin sale has started! During the Presale, all OBZ tokens will be sent automatically to your ERC20 wallet immediately upoRT @blockchainekon2: 1 adet #Bitcoin iin madencilik yapman?n en ucuz ve en pahal? oldu?u lkeler. ”",1
“Earn 1 Bitcoin a month ! 99coins Cryptotab Google Chrome Bitcoin Mining Made Easy Legit https://t.cThanks https://t.co/0TFkfdVAsS for the follow! Check out my page https://t.co/zcfviBsQpW #bitcoin #BTCHow much to mine bitcoin? Mapping the world's most affordable countries - https://t.co/fo0hfXh0oaJust entered to win 0.05 BTC from @digitalassetu !! Check it out https://t.co/UGywaYWv25”,1
"“Economist 1, Look, there is a $20 bill on the ground! Economist 2,  Cant be. https://t.co/AFWsBA2NwRNew post (Grand theft crypto: 600 bitcoin-mining computers stolen in Iceland) has been published on The Daily Diges https://t.co/4T6jM0KMUVRT @DNotes_AlanYong: Labour Partys Diane Abbott Offers Harsh Assessment of Bitcoin https://t.co/yDb2k69VxURT @DNotes_AlanYong: Labour Partys Diane Abbott Offers Harsh Assessment of Bitcoin - https://t.co/5gyUeishG4 via @ShareaholicRT @CalvinAyre: The reason the transactions are down is because Segwit BTC does not work and all the micro-transactions are moving to BitcoIf you don't know what Bitcoin is? My site will help you get started on what is Bitcoin all the way to how do I mak https://t.co/dM9xOwFAyIThe Crypto Show At The Mexico City Bitcoin Meetup..Sponsored ByRipple? https://t.co/TrBiGIP5Sw??????? ???????????? ?????????????? ??????? ”",1
"“    #MobileBridge #MomentumToken #Momentum  #Crypto #Blockchain  #SaaS  #loyaltypoints https://t.co/R9En0dCMhART @AmelieArras: I remember... That amazing feeling when you are on the payments race, have $BTC #Bitcoin as your payment method, walk intoRT @ljxiie: I put together a list of beginner's guide articles I've written on various cryptoassets. The ones I've covered so far are EtherFree 20 ETHB token. AIRDROP.”",1
"“Use my referral link:https://t.co/fORJz13ik0 https://t.co/o9qoVPbxBoRT @mims: I feel like these sentiments -- both from people I respect, people who have informed opinions on other topics -- pretty effectiveRT @ToneVays: Wow, so looks like there is a Second Class Action Lawsuit filed filed against @coinbase on the same day (this one over employRobotina to Utilize Blockchain Technology to Modernize the Way We Interact with Energy https://t.co/3ioGsZwHtN via https://t.co/ltkAsyrFPV#bitcoin #cryptocurrency #heroteam @ Jakarta, Indonesia https://t.co/bVxYnObRjTRT @streamityorg: Bitcoin Transactions to Be Treated as Legal Tender for Tax Purposes in Germany”",1
“#flyingmoney #ico #flyingRT @Bazista_io: #Bazista announces strategic partnership with @dafzo_io. The company will help us implement HQ #logistics services in the ART @BTCTN: Mexican Cryptocurrency Regulations Approved by Congress https://t.co/92DIhmyUlQ #Bitcoin https://t.co/z2QK65ik4eRT @HorizonCoin: Horizon's registration for our #whitelist is up and running!  Come join us!”,1
“#ico #cryptocurrency#DomusCoins #ICO https://t.co/JI3yIdmvUALouisiana Attorney General Fires IT Staff for Allegedly Mining Bitcoin https://t.co/8WDw9pHLVt https://t.co/xZGKzo6HtvRT @rogerkver: Over the next 48 hours someone will match all donations made to The Bitcoin Cash Fund! Over $250K USD raised so far!”,1
“https:/RT @BitcoinForumCom: Bitfinex We are excited to announce an additional 33.3% decrease in BTC withdrawal fees. BTC withdraw https://t.co/5120????????????????????????????????????????????????????????120?????????????”,1
"“#bitcoin #BTCRT @RT_com: #Bitcoin 'should prevail if it generates trust, eradicates bureaucracy'  ex-Mexican president to RT https://t.co/OoCbUbOJEa #CRT @RWKIII: In Berlin, at the gate to the east, next door to the US Embassy, video chatting with #Snowden about privacy and #Bitcoin. KindaRT @alexjt2003: https://t.co/wXFUnsg4CU  #followback #followforfollow #FolloForFolloBack #FolloMe #???????????? #Bitcoin #Bitcoin 'should prevail if it generates trust, eradicates bureaucracy'  ex-Mexican president to RT https://t.co/GQRhGBYOjH  #Cryptolium233 Million Reasons Bitcoin And A Few Other Digital Currencies Will Win Survival Of The https://t.co/yuaIqRx1R7One of my favorite #coins. #litecoin #ethereum #bitcoin #cryptocurrency #TrendingNow #tron #trx $ltc.x https://t.co/10l5FDdGn0RT @bitcoincash4all: Its happening tonight ! #Bitcoincash Malaysia Meetup!! drop by and say hello. Growing the community!”",1
"“https://t.co/Q1yWeek in Review for March 3, 2018: Bitcoin Developments and Cryptocurrency Adoption https://t.co/37zg3p7SeW https://t.co/PhtrD25X7q?? HOT AIRDROP ??”",1
"“?? Enter your ETH wallet address and fo https://t.co/PAXT2sl0XyRT @Sarinski_: Ma perch non posso votare a casa mia in pigiama con internet ma cazzo c lhome banking c questo e laltro e i bitcoin e#?????????????????   #????????????????  #????????????????   #???????????????   #????????????   #???????????????? https://t.co/rAzOtY7KG7RT @DocumentTailor: As the countdown continues on the start of @DocumentTailor #PreICO we want to hear more from our #community! Any questiNew post (Week in Review for March 3, 2018: Bitcoin Developments and Cryptocurrency Adoption) has been published on https://t.co/NzCreDuXPh?? https://t.co/J6FrHfxP1BRT @ActionCoinland: Register Action Coin and Earn! : https://t.co/xURvTMGubG ”",1
“#bitcoin #btc #ethereum #eth #crypto #ripple #xrp #blockchaiRT @phoenixpumpteam: 11th 100 XRP GIVEAWAY!”,1
“We'll giveaway 100 XRP!”,1
“https://t.co/wHyZqD7yLWAny good places to buy crypto with debit? Specifically bitcoin orXRP https://t.co/jlRaLcPsOgRT @BTCTN: Mexican Cryptocurrency Regulations Approved by Congress https://t.co/92DIhmyUlQ #Bitcoin https://t.co/z2QK65ik4eRT @Bitcoin: Bitcoin Cash Conference Amsterdam wrap-up”,1
“https://t.co/PVcE5TVzPvRT @ahaufstop: @cstross Bitcoin mining is the actual The Nine Billion Names of GodRT @moulze: The best in crypto world ?? #FF #btc #crypto $btc $crypto #bitcoin”,1
“@notsofast @Crypto_Bitlord @VentureCoinist @tehMoonwalker @crRT @akashi_riot: BitZeny?????Bitcoin Core 0.16.x??????BitZeny Core 3.0.x????????????BitZeny?????????????????????????????????github?????????RT @earthtokens: In case you forgot why we are holdin”,1
"“#ico #eRT @iamjosephyoung: Bitcoin's dominance index is moving towards a yearly high (well basically three months), currently at 41.7%. Bitcoin haRT @paul_btc: Accumulation by states is starting... https://t.co/sF3XkdmiL8RT @BTCNewsUpdates: GoCoin brings Bitcoin Cash (BCH) To 15,000+ Merchants.”",1
"“@GoCoin now processing BCH payments; bringing lower fees and rCopy successful traders automatically with Bitcoin! ????

I copy Dividend667. Do you?”",1
